Space Invaders,1978,Taito,Legacy Cellphone / Arcade / Nintendo Entertainment System (NES) / Sega Saturn / Atari 5200 / SG-1000 / iOS / Atari 2600 / WonderSwan / Game Boy,free,-
Fantasy Zone,1986,Sega Enterprises,Arcade / MSX / TurboGrafx-16/PC Engine / Nintendo Entertainment System (NES) / Sharp X68000 / Sega Saturn / Wii / Sega Master System / Nintendo 3DS,free,-
OutRun,1986,Sega AM2,Amstrad CPC / Atari ST-STE / PC DOS / Sega Game Gear / Amiga / ZX Spectrum / MSX / Arcade / TurboGrafx-16/PC Engine / Sega Saturn / Commodore C64-128 / Sega Mega Drive/Genesis / Sega Master System,free,-
After Burner II,1987,Sega AM2,Sharp X68000 / PC DOS / Amiga / Sega Saturn / Nintendo 3DS / Atari ST-STE / Sega Mega Drive/Genesis / TurboGrafx-16/PC Engine / PlayStation 2 / Arcade,free,-
Snatcher,1988,Konami,MSX2 / Sega Saturn / Sega CD / PlayStation / TurboGrafx-16/PC Engine / PC-8801,free,Gillian Seed
Galaxy Force II,1988,Sega AM2,Atari ST-STE / ZX Spectrum / Wii / Amstrad CPC / Sega Master System / Arcade / Sega Saturn / Commodore C64-128 / PlayStation 2 / Sega Mega Drive/Genesis / FM Towns / Amiga,free,Halcyon
Three Wonders,1991,Capcom,Sega Saturn / PlayStation / Arcade,free,-
QuackShot: Starring Donald Duck,1991,Sega,Sega Mega Drive/Genesis / Sega Saturn,free,-
Road Rash,1991,Peakstar Software,Sega Mega Drive/Genesis / Amiga / Sega Saturn / Sega Master System / Game Boy Color / Game Boy / Sega Game Gear,free,-
Dark Seed,1992,Cyberdreams,Amiga / PC DOS / PlayStation / Sega Saturn / PC (Microsoft Windows) / Mac,free,-
DOOM,1993,id Software,Atari Jaguar / Linux / 3DO Interactive Multiplayer / Sega Saturn / PC (Microsoft Windows) / Nintendo Switch / Game Boy Advance / PC DOS / Super Nintendo Entertainment System (SNES) / Xbox One / Sega 32X / iOS / Mac / Xbox 360 / Super Famicom / PlayStation 4,free,-
In the Hunt,1993,Irem Corporation,Sega Saturn / PlayStation / PC (Microsoft Windows) / Arcade,free,-
SimCity 2000,1993,Maxis,PC (Microsoft Windows) / Super Famicom / PC DOS / PlayStation / Mac / Nintendo 64 / Super Nintendo Entertainment System (SNES) / Amiga / Sega Saturn,free,-
Myst,1993,Cyan Worlds,iOS / Mac / Nintendo DS / PC (Microsoft Windows) / 3DO Interactive Multiplayer / Atari Jaguar / PlayStation Portable / PlayStation / Sega Saturn / Nintendo 3DS,free,-
Mortal Kombat II,1993,Midway,Game Boy / PC DOS / Sega Master System / Sega Saturn / Super Nintendo Entertainment System (SNES) / Sega Mega Drive/Genesis / Sega 32X / Arcade / PlayStation 3 / PlayStation / Amiga,free,Johnny Cage/Liu Kang/Raiden/Reptile/Scorpion/Shang Tsung/Sub-Zero/Baraka/Jax Briggs/Kitana/Kung Lao/Mileena/Jade/Smoke/Noob Saibot
Ogre Battle: The March of the Black Queen,1993,Riverhillsoft,Wii / Wii U / Sega Saturn / PlayStation / Super Nintendo Entertainment System (SNES),free,-
Darius Gaiden,1994,Taito,PlayStation / Arcade / PC (Microsoft Windows) / Sega Saturn,free,-
Virtua Fighter 2,1994,Sega AM2,PlayStation 3 / Wii / PC (Microsoft Windows) / PlayStation 2 / Sega Saturn / Arcade / Sega Mega Drive/Genesis / Xbox 360,free,-
Revolution X,1994,Midway Games,Super Nintendo Entertainment System (SNES) / Sega Saturn / Arcade / PC (Microsoft Windows) / PlayStation / Sega Mega Drive/Genesis,free,-
Policenauts,1994,s,PC-98 / Sega Saturn / PlayStation / 3DO Interactive Multiplayer / PlayStation 3,free,Jonathan Ingram/Ed Brown/Karen Hojo/Lorraine Hojo
Magic Carpet,1994,Bullfrog Productions,PlayStation 3 / PlayStation / Sega Saturn / Mac / PC DOS / PC (Microsoft Windows),free,-
Tempest 2000,1994,llamasoft,Atari Jaguar / PC DOS / Sega Saturn / Mac / PC (Microsoft Windows),free,-
Sega Rally Championship,1994,United Game Artists$Sega,N-Gage / Arcade / PC (Microsoft Windows) / Sega Saturn / Game Boy Advance / PlayStation 2,free,-
Street Racer,1994,Vivid Image,Super Nintendo Entertainment System (SNES) / Sega Saturn / Game Boy / PlayStation / PC DOS / PC (Microsoft Windows) / Amiga / Sega Mega Drive/Genesis,free,-
Cyberia,1994,Xatrix Entertainment,Sega Saturn / PC DOS / 3DO Interactive Multiplayer / PlayStation,free,-
Virtua Cop,1994,Sega AM2,Arcade / Sega Saturn / PC (Microsoft Windows),free,-
NBA Jam Tournament Edition,1994,Torus Games,Sega Saturn / Arcade / PlayStation / Sega 32X / Sega Mega Drive/Genesis / Sega Game Gear / PC DOS / Game Boy / Super Nintendo Entertainment System (SNES) / Atari Jaguar,free,-
Tactics Ogre: Let Us Cling Together,1995,Quest,PlayStation / Super Nintendo Entertainment System (SNES) / Wii / Sega Saturn / PlayStation Portable,free,-
Command & Conquer,1995,Westwood Studios,PlayStation / PC DOS / Nintendo 64 / Mac / Sega Saturn / PC (Microsoft Windows),free,-
Transport Tycoon Deluxe,1995,Chris Sawyer,Sega Saturn / PlayStation / PC DOS,free,-
Discworld,1995,Perfect Entertainment,Sega Saturn / PC DOS / PlayStation,free,Rincewind
DonPachi,1995,CAVE Interactive,Sega Saturn / PlayStation / PlayStation 3 / Arcade,free,-
Tetris Plus,1995,Jaleco Ltd.,Arcade / Game Boy / Sega Saturn / PlayStation,free,-
Suikoden,1995,Konami Computer Entertainment Tokyo,PlayStation / PC (Microsoft Windows) / Sega Saturn,free,-
Destruction Derby,1995,Looking Glass Studios,PlayStation / Sega Saturn / PC DOS,free,-
Strikers 1945,1995,Psikyo,PlayStation / Arcade / Sega Saturn / Nintendo Switch / PC (Microsoft Windows),free,-
Ultimate Mortal Kombat 3,1995,Midway,Arcade / Sega Saturn / Super Nintendo Entertainment System (SNES) / Xbox 360 / Sega Mega Drive/Genesis / Nintendo DS / Game Boy Advance,free,-
Mega Man X3,1995,Capcom,PC (Microsoft Windows) / Super Famicom / Super Nintendo Entertainment System (SNES) / New Nintendo 3DS / Wii U / PlayStation / Sega Saturn / Legacy Cellphone,free,-
Worms,1995,Team17,Sega Saturn / PlayStation / Mac / Amiga / Amiga CD32 / PC DOS / Sega Mega Drive/Genesis / PlayStation 3 / PlayStation Portable / Xbox 360 / Super Nintendo Entertainment System (SNES) / PC (Microsoft Windows) / Atari Jaguar,free,-
Crusader: No Remorse,1995,Realtime Associates,Sega Saturn / PC (Microsoft Windows) / PlayStation / PC DOS / Mac,free,-
Earthworm Jim 2,1995,Shiny Entertainment,Sega Mega Drive/Genesis / Wii / Super Nintendo Entertainment System (SNES) / PC (Microsoft Windows) / PlayStation / Sega Saturn / Game Boy Advance,free,-
Street Fighter Alpha: Warrior's Dreams,1995,Capcom,PlayStation / Sega Saturn / PC (Microsoft Windows) / Game Boy Color / Arcade,free,-
Hi-Octane,1995,Bullfrog Productions,PlayStation / Sega Saturn / PC DOS,free,-
Hexen: Beyond Heretic,1995,Atod,PC DOS / PlayStation / PC (Microsoft Windows) / Sega Saturn / Mac,free,-
Prisoner of Ice,1995,Infogrames Europe,PC DOS / PlayStation / Mac / Sega Saturn / PC (Microsoft Windows) / Linux,free,-
Phantasmagoria,1995,Kronos Digital Entertainment,Sega Saturn / PC DOS / PC (Microsoft Windows) / Mac,free,-
Virtua Cop 2,1995,Sega AM2,Dreamcast / Arcade / PC (Microsoft Windows) / Sega Saturn,free,-
Wipeout,1995,Psygnosis,PlayStation / PlayStation 3 / PC DOS / Sega Saturn,free,-
Night Warriors: Darkstalkers' Revenge,1995,Capcom,Sega Saturn / Arcade,free,-
Panzer Dragoon,1995,Sega,Xbox / PlayStation 2 / PC (Microsoft Windows) / Sega Saturn,free,-
The King of Fighters '95,1995,SNK,Game Boy / Neo Geo AES / Neo Geo CD / Neo Geo MVS / Sega Saturn / PlayStation / Nintendo Switch / Wii,free,Iori Yagami/Eiji Kisaragi/Billy Kane/Saisyu Kusanagi/Omega Rugal
Discworld II: Missing Presumed...!?,1996,Perfect Entertainment,Sega Saturn / PlayStation / PC (Microsoft Windows),free,-
Dragon Force,1996,J-Force,Sega Saturn / PlayStation 2 / PlayStation 3,free,-
NHL 97,1996,Visual Concepts,PC (Microsoft Windows) / Super Nintendo Entertainment System (SNES) / PlayStation / Sega Mega Drive/Genesis / Sega Saturn,free,-
Guardian Heroes,1996,Treasure,Sega Saturn / Xbox 360,free,Ginjirou/Han/Randy/Nicole/Serena
Puyo Puyo SUN,1996,Compile,PC (Microsoft Windows) / Game Boy / Nintendo 64 / Sega Saturn / Arcade / Game Boy Color,free,-
Panzer Dragoon II Zwei,1996,Team Andromeda,Sega Saturn,free,Lundi
Duke Nukem 3D,1996,Lobotomy Software,iOS / PlayStation / Sega Saturn / PlayStation 4 / Xbox 360 / Mac / PC (Microsoft Windows) / PlayStation Vita / PlayStation 3 / Sega Mega Drive/Genesis / PC DOS,free,-
Metal Slug,1996,Nazca Corporation,Nintendo Switch / iOS / Wii / Arcade / PC (Microsoft Windows) / Android / Neo Geo CD / Neo Geo MVS / Sega Saturn / PlayStation / Neo Geo AES,free,Marco Rossi/ Tarma Roving/ Allen O'Neil
Tomb Raider,1996,Core Design,Sega Saturn / PC DOS / PlayStation / N-Gage / PC (Microsoft Windows) / PlayStation 3 / PlayStation Portable / PlayStation Vita,free,Lara Croft
Quake,1996,id Software,PC (Microsoft Windows) / Nintendo 64 / Linux / Zeebo / Amiga / Mac / Legacy Cellphone / PC DOS / Sega Saturn,free,-
Nights into Dreams...,1996,Sonic Team,Sega Saturn / PC (Microsoft Windows) / PlayStation 3 / Xbox 360 / PlayStation 2,free,-
Vandal Hearts,1996,Konami,PlayStation / PC (Microsoft Windows) / Sega Saturn,free,Ash Lambert
Warcraft II: Beyond the Dark Portal,1996,Cyberlore Studios,Mac / Sega Saturn / PC (Microsoft Windows) / PC DOS / PlayStation,free,-
Battle Garegga,1996,Raizing,Arcade / Sega Saturn,free,-
Super Puzzle Fighter II Turbo,1996,Backbone Entertainment,PlayStation / Sega Saturn / Arcade,free,-
Lunar: Silver Star Story Complete,1996,Japan Art Media,Sega Saturn / PlayStation / PC (Microsoft Windows) / iOS,free,-
Soviet Strike,1996,Electronic Arts,PlayStation / PlayStation 3 / PlayStation Portable / Sega Saturn,free,-
Magical Drop II,1996,Data East,Wii / Arcade / Neo Geo AES / Sega Saturn / Super Famicom / Neo Geo CD,free,-
X-Men vs. Street Fighter,1996,Capcom,PlayStation / Arcade / Sega Saturn,free,-
Resident Evil,1996,Capcom,Sega Saturn / PlayStation 3 / PlayStation / PC (Microsoft Windows),free,Chris Redfield/ Jill Valentine
Pandemonium!,1996,Toys for Bob,iOS / PC (Microsoft Windows) / Sega Saturn / PlayStation 3 / N-Gage / PlayStation / PlayStation Portable / Legacy Cellphone,free,Fargus
Street Fighter Alpha 2,1996,Capcom,Sega Saturn / Super Nintendo Entertainment System (SNES) / Nintendo 3DS / Arcade / PlayStation / PC (Microsoft Windows) / Wii / Wii U,free,Ryu/ Akuma/ Ken Masters/ Chun-Li/ Cammy
FIFA 97,1996,EA Canada,Sega Saturn / Super Nintendo Entertainment System (SNES) / PC (Microsoft Windows) / PlayStation / Sega Mega Drive/Genesis,free,-
PowerSlave,1996,Lobotomy Software,Sega Saturn / PlayStation / PC DOS,free,-
Mortal Kombat Trilogy,1996,Midway,Sega Saturn / PlayStation / PC DOS / PC (Microsoft Windows) / Nintendo 64,free,-
Wipeout 2097,1996,Psygnosis,PC (Microsoft Windows) / Amiga / Mac / PlayStation / Sega Saturn,free,-
Waku Waku 7,1996,Sunsoft,Neo Geo MVS / Arcade / Nintendo Switch / Wii / Sega Saturn / Neo Geo AES,free,-
The King of Fighters '96,1996,SNK,Nintendo Switch / PlayStation / Neo Geo CD / Neo Geo AES / Wii / Arcade / Sega Saturn / Neo Geo MVS / Game Boy / PlayStation 3,free,-
Dragon Ball Z: The Legend,1996,Bandai,Sega Saturn / PlayStation,free,-
Z,1996,The Bitmap Brothers,iOS / Android / Super Nintendo Entertainment System (SNES) / Sega Saturn / PC DOS / PlayStation,free,-
Shining Force III,1997,Camelot Software Planning,Sega Saturn,free,-
Castlevania: Symphony of the Night,1997,Konami Computer Entertainment Tokyo,iOS / PlayStation Vita / PlayStation 3 / PlayStation Portable / Sega Saturn / Xbox 360 / PlayStation / Android,free,Alucard/ Mari Renard
FIFA: Road to World Cup 98,1997,EA Canada,PC (Microsoft Windows) / Sega Mega Drive/Genesis / Sega Saturn / Game Boy / Super Nintendo Entertainment System (SNES) / Nintendo 64 / PlayStation,free,-
Mega Man X4,1997,Capcom,PC (Microsoft Windows) / PlayStation / Sega Saturn / Legacy Cellphone,free,-
Strikers 1945 II,1997,Psikyo,Android / Arcade / PlayStation / Sega Saturn / iOS / Nintendo Switch,free,-
Pocket Fighter,1997,Capcom,PlayStation / Sega Saturn / WonderSwan,free,-
Herc's Adventures,1997,Big Ape Productions,PlayStation / Sega Saturn,free,-
DoDonPachi,1997,CAVE Interactive,Sega Saturn / PlayStation / Arcade,free,-
The King of Fighters '97,1997,SNK,PlayStation / Neo Geo CD / Sega Saturn / Neo Geo MVS / Arcade / Neo Geo AES / Wii,free,-
Shin Megami Tensei: Devil Summoner - Soul Hackers,1997,Atlus,Nintendo 3DS / PlayStation / Sega Saturn,free,-
NHL 98,1997,EA Canada,Sega Mega Drive/Genesis / PlayStation / Super Nintendo Entertainment System (SNES) / PC (Microsoft Windows) / Sega Saturn,free,-
Marvel Super Heroes vs. Street Fighter,1997,Capcom,PlayStation / Arcade / Sega Saturn,free,-
Darkstalkers 3,1997,Capcom,PlayStation 3 / PlayStation / Arcade / Sega Saturn,free,Demitri Maximoff
Grandia,1997,Game Arts Co. Ltd.,Sega Saturn / PlayStation / PlayStation 3,free,-
The Lost World: Jurassic Park,1997,Dreamworks Interactive,Sega Saturn / PlayStation,free,-
Rampage World Tour,1997,Game Refuge Inc,Nintendo 64 / Game Boy Color / Sega Saturn / PlayStation 3 / PlayStation / Windows Phone,free,-
Radiant Silvergun,1998,Treasure,Sega Saturn / Arcade / Xbox 360,free,-
Panzer Dragoon Saga,1998,Team Andromeda,Sega Saturn,free,-
Street Fighter Alpha 3,1998,Capcom,PlayStation Portable / Dreamcast / PlayStation / Arcade / Game Boy Advance / Sega Saturn,free,-
Death's Door,2021,Acid Nerve,PC (Microsoft Windows) / Xbox One / Xbox Series X|S / PlayStation 5 / PlayStation 4 / Nintendo Switch,free,-
ENDER LILIES: Quietus of the Knights,2021,adglobe,Nintendo Switch / PlayStation 4 / PlayStation 5 / Xbox One / Xbox Series X|S / PC (Microsoft Windows),free,Lily
HUMANKIND,2021,AMPLITUDE Studios,PC (Microsoft Windows) / Google Stadia / Mac,free,-
Guilty Gear: Strive,2021,Arc System Works,Arcade / PlayStation 5 / PC (Microsoft Windows) / PlayStation 4,free,Sol/ Ky/ May/ Axl/ Chipp/ Millia
PAC-MAN 99,2021,Arika,Nintendo Switch,free,-
DEATHLOOP,2021,Arkane Studios,PC (Microsoft Windows) / PlayStation 5,free,Colt Vahn 
Tales of Arise,2021,Bandai Namco Entertainment,Xbox One / PlayStation 4 / PC (Microsoft Windows) / PlayStation 5 / Xbox Series X|S,free,Alphen/ Shionne/ Rinwell/ Law/ Kisara/ Dohalim
Scarlet Nexus,2021,Bandai Namco Studios,PlayStation 5 / PC (Microsoft Windows) / Xbox Series X|S / PlayStation 4 / Xbox One,free,Yuito Sumeragi/Kasane Randall
The Artful Escape,2021,Beethoven & Dinosaur,Xbox Series X|S / PC (Microsoft Windows) / Xbox One,free,-
The Medium,2021,Bloober Team,PlayStation 5 / Xbox Series X|S / PC (Microsoft Windows),free,Marianne
Mario Golf: Super Rush,2021,Camelot,Nintendo Switch,free,-
Marvel's Guardians of the Galaxy,2021,Camelot,Xbox One / Xbox Series X|S / PC (Microsoft Windows) / PlayStation 4 / PlayStation 5,free,Star-Lord/ Drax/ Groot
Monster Hunter Rise,2021,Capcom,PC (Microsoft Windows) / Nintendo Switch,free,-
Monster Hunter Stories 2: Wings of Ruin,2021,Capcom,PC (Microsoft Windows) / Nintendo Switch,free,Ena/ Kayna/ Navirou
Resident Evil Village,2021,Capcom,Xbox One / Google Stadia / PlayStation 4 / Xbox Series X|S / PC (Microsoft Windows) / PlayStation 5,free,Ethan Winters
The Great Ace Attorney Chronicles,2021,Capcom,PC (Microsoft Windows) / Nintendo Switch / PlayStation 4,free,Herlock Sholmes/ Ryunosuke Naruhodo/ Susato Mikotoba
Inscryption,2021,Daniel Mullins Games,PC (Microsoft Windows),free,-
Encased,2021,Dark Crystal Games,PC (Microsoft Windows) / Mac / Xbox One / PlayStation 4 / Nintendo Switch,free,-
Life is Strange: True Colors,2021,Deck Nine,Google Stadia / PC (Microsoft Windows) / PlayStation 4 / PlayStation 5 / Nintendo Switch / Xbox One / Xbox Series X|S,free,Alex Chen
Golf Club: Wasteland,2021,Demagog Studios,Nintendo Switch / PC (Microsoft Windows) / PlayStation 4 / Xbox One,free,-
Road 96,2021,DigixArt,Nintendo Switch / PC (Microsoft Windows),free,-
Psychonauts 2,2021,Double Fine Productions,Xbox One / PlayStation 4 / PC (Microsoft Windows) / Xbox Series X|S,free,Razputin/ Ford Cruller/ Sasha Nein
Kena: Bridge of Spirits,2021,Ember Lab,PC (Microsoft Windows) / PlayStation 4 / PlayStation 5,free,-
Loop Hero,2021,Four Quarters,Nintendo Switch / PC (Microsoft Windows) / Mac / Linux,free,-
Maquette,2021,Graceful Decay,PC (Microsoft Windows) / PlayStation 4 / PlayStation 5,free,-
No More Heroes III,2021,Grasshopper Manufacture,Nintendo Switch / PC (Microsoft Windows),free,Travis Touchdown
It Takes Two,2021,Hazelight Studios,Xbox One / PC (Microsoft Windows) / PlayStation 4 / PlayStation 5 / Xbox Series X|S,free,Cody/ May
Returnal,2021,Housemarque,PlayStation 5,free,Selene 
Overboard!,2021,inkle,PC (Microsoft Windows) / Mac / iOS / Nintendo Switch,free,Veronica Villensey
Ratchet & Clank: Rift Apart,2021,Insomniac Games,PlayStation 5,free,-
HITMAN 3,2021,IO Interactive,Xbox One / Google Stadia / PC (Microsoft Windows) / PlayStation 5 / Xbox Series X|S / PlayStation 4,free,-
Valheim,2021,Iron Gate AB,Linux / PC (Microsoft Windows),free,-
Totally Accurate Battle Simulator,2021,Landfall Games,Mac / Xbox One / PC (Microsoft Windows),free,-
Cyber Shadow,2021,Mechanical Head Studios,Xbox One / PlayStation 5 / Nintendo Switch / PlayStation 4 / PC (Microsoft Windows),free,-
Metroid Dread,2021,MercurySteam,Nintendo Switch,free,Samus Aran
Hot Wheels Unleashed,2021,Milestone,Xbox One / PC (Microsoft Windows) / Xbox Series X|S / PlayStation 5 / PlayStation 4 / Nintendo Switch,free,-
The Forgotten City,2021,Modern Storyteller,PlayStation 5 / Xbox One / PC (Microsoft Windows) / Nintendo Switch / PlayStation 4 / Xbox Series X|S,free,-
Lust from Beyond,2021,Movie Games Lunarium,PC (Microsoft Windows),free,-
The Ascent,2021,Neon Giant,Xbox Series X|S / Xbox One / PC (Microsoft Windows),free,-
The Binding of Isaac: Repentance,2021,Nicalis Inc.,Mac / PlayStation 5 / Nintendo Switch / Xbox Series X|S / PC (Microsoft Windows) / Linux,free,Bethany
Bowser's Fury,2021,Nintendo EAD Tokyo,Nintendo Switch,free,-
Super Mario 3D World + Bowser's Fury,2021,Nintendo EAD Tokyo,Nintendo Switch,free,-
WarioWare: Get It Together!,2021,Nintendo EPD,Nintendo Switch,free,-
Curse of the Dead Gods,2021,Passtech Games,Xbox One / PC (Microsoft Windows) / PlayStation 4 / Nintendo Switch,free,Caradog McCallister
Outriders,2021,People Can Fly,Xbox One / PlayStation 4 / PlayStation 5 / PC (Microsoft Windows) / Xbox Series X|S / Google Stadia,free,-
Eastward,2021,Pixpil Studio,Nintendo Switch / Mac / PC (Microsoft Windows),free,John/ Sam
Forza Horizon 5,2021,Playground Games,Xbox Series X|S / PC (Microsoft Windows) / Xbox One,free,-
Portal Reloaded,2021,PORTANIS,PC (Microsoft Windows),free,-
Age of Empires IV,2021,Relic Entertainment,PC (Microsoft Windows),free,-
Alan Wake Remastered,2021,Remedy Entertainment,PlayStation 4 / PlayStation 5 / Xbox One / Xbox Series X|S / PC (Microsoft Windows),free,-
Call of Duty: Vanguard,2021,Sledgehammer Games,Xbox Series X|S / Xbox One / PlayStation 4 / PC (Microsoft Windows) / PlayStation 5,free,-
Skul: The Hero Slayer,2021,SouthPaw Games,PlayStation 4 / Xbox One / PC (Microsoft Windows) / Mac / Linux / Nintendo Switch,free,-
NEO: The World Ends with You,2021,Square Enix,PlayStation 4 / PC (Microsoft Windows) / Nintendo Switch,free,Rindo Kanade/ Nagi Usui/ Sho Minamimoto
Narita Boy,2021,Studio Koba,PC (Microsoft Windows) / Linux / Nintendo Switch / Mac / PlayStation 4 / Xbox One,free,Lionel Pearl
The Dark Pictures Anthology: House of Ashes,2021,Supermassive Games,PC (Microsoft Windows) / Xbox Series X|S / PlayStation 5 / PlayStation 4 / Xbox One,free,Rachel King/ Salim Othman/ Jason Kolchek
Little Nightmares II,2021,Tarsier Studios,PC (Microsoft Windows) / PlayStation 5 / Xbox Series X|S / Google Stadia / Xbox One / PlayStation 4 / Nintendo Switch,free,-
Bravely Default II,2021,Team Asano,PC (Microsoft Windows) / Nintendo Switch,free,Seth/ Gloria/ Elvis
Pokémon Unite,2021,Tencent Games,Android / iOS / Nintendo Switch,free,-
NieR Replicant ver.1.22474487139...,2021,Toylogic,PlayStation 4 / PC (Microsoft Windows) / Xbox One,free,Kainé
Back 4 Blood,2021,Turtle Rock Studios,Xbox Series X|S / PlayStation 5 / PlayStation 4 / Xbox One / PC (Microsoft Windows),free,Evangelo/ Mom/ Holly
Scott Pilgrim vs. the World: The Game - Complete Edition,2021,Ubisoft Chengdu,PlayStation 4 / Xbox One / PlayStation 5 / Amazon Fire TV / Google Stadia / PC (Microsoft Windows) / Nintendo Switch / Xbox Series X|S,free,-
Far Cry 6,2021,Ubisoft Toronto,Google Stadia / PlayStation 4 / PlayStation 5 / Xbox Series X|S / Xbox One / PC (Microsoft Windows),free,Dani Rojas
Rain on Your Parade,2021,Unbound Creations LLC,Xbox One / Nintendo Switch / Mac / Linux / PC (Microsoft Windows) / Xbox Series X|S,free,-
Last Stop,2021,Variable State,PC (Microsoft Windows) / PlayStation 4 / Nintendo Switch / Xbox One / PlayStation 5 / Xbox Series X|S,free,-
Knockout City,2021,Velan Studios,PlayStation 4 / PC (Microsoft Windows) / Xbox One / PlayStation 5 / Xbox Series X|S / Nintendo Switch,free,-
Serin Fate,2021,Vethergen,PC (Microsoft Windows),free,-
Unpacking,2021,Witch Beam,Nintendo Switch / Linux / Mac / PC (Microsoft Windows) / Xbox One,free,-
Strangeland,2021,Wormwood Studios,Mac / PC (Microsoft Windows),free,-
Dyson Sphere Program,2021,Youthcat Studio,PC (Microsoft Windows),free,-
Disco Elysium: The Final Cut,2021,ZA/UM,PC (Microsoft Windows) / PlayStation 5 / Nintendo Switch / Xbox One / Xbox Series X|S / PlayStation 4 / Mac / Google Stadia,free,Harrier Du Bois
Wetrix,1998,Zed Two,PC (Microsoft Windows) / Nintendo 64 / Game Boy Color,free,-
Ogre Battle 64: Person of Lordly Caliber,1999,Quest,Wii / Nintendo 64 / Wii U,free,Magnus Gallant
The Legend of Zelda: Ocarina of Time,1998,Nintendo EAD,Wii U / Nintendo 64 / Wii,free,-
Super Mario 64,1996,Nintendo EAD,Wii / Nintendo 64 / Wii U,free,-
Perfect Dark,2000,Rare,Nintendo 64,free,Joanna Dark
The Legend of Zelda: Ocarina of Time - Master Quest,2003,Nintendo EAD Tokyo,Nintendo GameCube / Nintendo 64,free,-
Harvest Moon 64,1999,Toy Box Studios,Wii U / Nintendo 64,free,-
The Legend of Zelda: Majora's Mask,2000,Nintendo EAD,Wii U / Wii / Nintendo 64,free,-
Banjo-Tooie,2000,Rare,Nintendo 64 / Xbox 360,free,-
Paper Mario,2000,Intelligent Systems Co. Ltd.,Wii U / Wii / Nintendo 64,free,Mumbo
StarCraft 64,2000,Mass Media Inc,Nintendo 64,free,-
GoldenEye 007,1997,Westwood Studios,Nintendo 64,free,-
Star Fox 64,1997,Nintendo EAD,Nintendo 64 / Wii / Wii U,free,Fox McCloud/Peppy Hare/Falco Lombardi
Banjo-Kazooie,1998,Rare,Xbox 360 / Nintendo 64,free,-
Tony Hawk's Pro Skater 2,2000,Neversoft Entertainment,Dreamcast / Game Boy Advance / Xbox / Game Boy Color / PlayStation / PC (Microsoft Windows) / Mac / Nintendo 64 / iOS,free,-
Resident Evil 2,1998,Capcom,Nintendo GameCube / PlayStation 3 / Dreamcast / PlayStation / PC (Microsoft Windows) / Nintendo 64,free,-
Wipeout 64,1998,Psygnosis,Nintendo 64,free,-
Tony Hawk's Pro Skater,1999,Neversoft Entertainment,N-Gage / Game Boy Color / Dreamcast / Nintendo 64 / PlayStation,free,-
Quake II,1997,id Software,Zeebo / PC (Microsoft Windows) / Nintendo 64 / PlayStation,free,-
Tetrisphere,1997,H2O Entertainment,Nintendo 64,free,-
Snowboard Kids 2,1999,Racdym,Nintendo 64,free,-
Mario Kart 64,1996,Nintendo,Nintendo 64 / Wii / Wii U,free,-
Mystical Ninja Starring Goemon,1997,Konami,Nintendo 64,free,-
Worms Armageddon,1999,Infogrames,PC (Microsoft Windows) / PlayStation / Dreamcast / Nintendo 64 / PlayStation 3 / PlayStation Portable,free,-
Conker's Bad Fur Day,2001,Rare,Nintendo 64,free,-
Extreme-G 2,1998,Probe Entertainment,Nintendo 64 / PC (Microsoft Windows),free,-
FIFA 99,1998,EA Sports,PlayStation / Nintendo 64 / PC (Microsoft Windows),free,-
Mario Party,1998,Hudson Soft,Nintendo 64,free,-
Super Smash Bros.,1999,HAL Laboratory,Wii / Nintendo 64,free,-
Tony Hawk's Pro Skater 3,2001,Neversoft Entertainment,PlayStation 2 / Mac / Nintendo 64 / PC (Microsoft Windows) / Game Boy Color / PlayStation / Xbox / Nintendo GameCube / Game Boy Advance,free,-
Bomberman 64,2001,Racjin,Nintendo 64,free,-
Rayman 2: The Great Escape,1999,Ubisoft Entertainment,Dreamcast / Game Boy Color / PC (Microsoft Windows) / iOS / PlayStation / Nintendo 64,free,-
Jet Force Gemini,1999,Rare,Nintendo 64,free,Juno/Vela/Lupus
F-Zero X,1998,Nintendo EAD,Wii U / Wii / Nintendo 64,free,Falcon/Pico/Jody Summer/ Draq
40 Winks,1999,Eurocom,PC (Microsoft Windows) / Nintendo 64 / PlayStation,free,-
Madden NFL 2002,2001,EA Tiburon,Nintendo GameCube / Xbox / PlayStation 2 / PlayStation / Nintendo 64 / Game Boy Color / PC (Microsoft Windows) / Game Boy Advance,free,-
Mickey's Speedway USA,2000,Rare,Game Boy Color / Nintendo 64,free,-
Mace: The Dark Age,1997,Atari Games Corporation,Arcade / Nintendo 64,free,Xiao Long
NFL Blitz,1997,Midway Games,Nintendo 64 / Game Boy Color / PC (Microsoft Windows) / PlayStation / Arcade,free,-
Donald Duck: Goin' Quackers,2000,Ubisoft,Nintendo 64 / Dreamcast / PC (Microsoft Windows),free,-
Vigilante 8: 2nd Offense,1999,Luxoflux,Dreamcast / PlayStation / Nintendo 64,free,-
Sin and Punishment,2000,Nintendo R&D1,Wii / Wii U / Nintendo 64,free,Saki/Airan
WWF Attitude,1999,Acclaim Studios Salt Lake City,Dreamcast / Nintendo 64 / Game Boy Color / PlayStation,free,-
Diddy Kong Racing,1997,Rare,Nintendo 64,free,Conker/Banjo/T.T.
F-1 World Grand Prix,1998,Paradigm Entertainment,Game Boy Color / PC (Microsoft Windows) / PlayStation / Nintendo 64 / Dreamcast,free,-
Star Wars: Rogue Squadron,1998,Factor 5,Nintendo 64 / PC (Microsoft Windows),free,-
San Francisco Rush: Extreme Racing,1996,Atari Games Corporation,Nintendo 64 / PlayStation / Arcade,free,-
Cruis'n Exotica,1999,Crawfish Interactive,Arcade / Game Boy Color / Nintendo 64,free,-
Spider-Man,2000,Neversoft Entertainment,Dreamcast / Nintendo 64 / PlayStation / PC (Microsoft Windows) / Game Boy Color,free,-
NBA Live 99,1998,HB Studios,PC (Microsoft Windows) / Nintendo 64 / PlayStation,free,-
Gex 3: Deep Cover Gecko,1999,Gratuitous Games,PlayStation / Nintendo 64,free,-
Army Men: Sarge's Heroes 2,2000,3DO,Nintendo 64 / PlayStation 2 / Game Boy Color / PlayStation,free,-
Mario Party 2,1999,Hudson Soft,Wii U / Nintendo 64 / Wii,free,-
Mario Tennis,2000,Camelot Software Planning,Wii / Nintendo 64 / Wii U,free,-
California Speed,1998,Atari Games Corporation,Nintendo 64 / Arcade,free,-
Tom Clancy's Rainbow Six,1998,Saffire Corporation,PC (Microsoft Windows) / PlayStation / Game Boy Color / Dreamcast / Nintendo 64 / Mac,free,-
Star Wars: Episode I - Battle for Naboo,2000,Factor 5,Nintendo 64 / PC (Microsoft Windows),free,-
Re-Volt,1999,Acclaim Studios London,PlayStation / Dreamcast / PC (Microsoft Windows) / Linux / Android / Nintendo 64,free,-
Body Harvest,1996,DMA Design,Nintendo 64,free,-
Toy Story 2: Buzz Lightyear to the Rescue!,1999,Tiertex Design Studios,Dreamcast / PlayStation / Nintendo 64 / PC (Microsoft Windows),free,-
South Park: Chef's Luv Shack,1999,Acclaim Studios Austin,Dreamcast / Nintendo 64 / PC (Microsoft Windows) / PlayStation,free,-
Pokémon Snap,1999,HAL Laboratory,Nintendo 64 / Wii U / Wii,free,-
Cruis'n World,1996,Midway Games,Arcade / Nintendo 64,free,-
Space Station Silicon Valley,1998,DMA Design,Nintendo 64 / PlayStation,free,-
International Superstar Soccer 64,1997,Konami,Nintendo 64,free,-
Pokémon Stadium 2,2000,HAL Laboratory,Nintendo 64,free,-
Hydro Thunder,1999,Midway Studios San Diego,Dreamcast / PlayStation 2 / Nintendo 64 / PC (Microsoft Windows) / PlayStation / Xbox / Nintendo GameCube / Arcade,free,-
Pokémon Puzzle League,2000,Nintendo Software Technology,Wii / Nintendo 64,free,-
Indiana Jones and the Infernal Machine,1999,LucasArts,PC (Microsoft Windows) / Nintendo 64 / Game Boy Color,free,-
Turok 2: Seeds of Evil,1998,Iguana Entertainment,Game Boy Color / Nintendo 64 / PC (Microsoft Windows),free,Joshua Fireseed
Blast Corps,1997,Rare,Nintendo 64,free,-
WCW Nitro,1997,Inland Productions,Nintendo 64 / PlayStation / PC (Microsoft Windows),free,-
WWF No Mercy,2000,AKI Corporation,Nintendo 64,free,-
Wave Race 64,1996,Nintendo EAD,Wii U / Wii / Nintendo 64,free,-
Kirby 64: The Crystal Shards,2000,HAL Laboratory,Wii / Wii U / Nintendo 64,free,-
Excitebike 64,2000,Nintendo,Nintendo 64 / Wii U,free,-
Disney/Pixar A Bug's Life,1998,Traveller's Tales,PlayStation / PC (Microsoft Windows) / Nintendo 64,free,-
Star Wars: Episode I - Racer,1999,LucasArts,Nintendo 64 / Mac / PlayStation 4 / Nintendo Switch / Dreamcast / PC (Microsoft Windows) / Xbox One,free,-
Mario Party 3,2000,Hudson Soft,Nintendo 64,free,-
Army Men: Sarge's Heroes,1999,3DO,Dreamcast / PC (Microsoft Windows) / PlayStation / Nintendo 64,free,-
Beetle Adventure Racing!,1999,Paradigm Entertainment,Nintendo 64,free,-
Pokémon Stadium,1999,HAL Laboratory,Nintendo 64,free,-
World Cup 98,1998,EA Canada,Nintendo 64 / PlayStation / PC (Microsoft Windows) / Game Boy,free,-
NBA Hangtime,1996,Midway,Arcade / Sega Mega Drive/Genesis / PlayStation / Nintendo 64 / Super Nintendo Entertainment System (SNES) / PC (Microsoft Windows),free,-
Fighting Force,1997,Core Design,PlayStation / PC (Microsoft Windows) / PlayStation 3 / Nintendo 64,free,-
Donkey Kong 64,1999,Rare,Nintendo 64 / Wii U,free,-
WCW/nWo Revenge,1998,Asmik Ace Entertainment,Nintendo 64,free,-
Top Gear Rally,1997,Kemco,Game Boy Color / Nintendo 64 / Game Boy Advance,free,-
Disney's Tarzan,1999,Eurocom,Nintendo 64 / PlayStation / PC (Microsoft Windows),free,-
Killer Instinct Gold,1996,Rare,Nintendo 64 / Xbox One,free,Glacius/Jago/Tusk
Gauntlet Legends,1998,Atari Games Corporation,Nintendo 64 / Dreamcast / Arcade / PlayStation,free,-
Snowboard Kids,1997,Racdym,Nintendo 64,free,-
Mario Golf,1999,Camelot Software Planning,Wii / Nintendo 64 / Wii U,free,-
Chrono Trigger,1995,Square,Wii / PlayStation / PC (Microsoft Windows) / PlayStation 3 / Super Nintendo Entertainment System (SNES) / Android / Nintendo DS / Super Famicom,free,Marle/Crono/Frog
Sid Meier's Civilization,1991,MicroProse,Atari ST/STE / PC (Microsoft Windows) / Mac / PlayStation / Super Nintendo Entertainment System (SNES) / PC DOS / Amiga,free,-
Suikoden II,1998,Konami,PlayStation / PlayStation Portable / PlayStation 3 / PlayStation Vita / PC (Microsoft Windows),free,-
Discworld Noir,1999,Perfect Entertainment,PC (Microsoft Windows) / PlayStation,free,-
The Neverhood,1996,The Neverhood Inc.,PC (Microsoft Windows) / PlayStation,free,-
Xenogears,1998,Squaresoft,PlayStation 3 / PlayStation,free,Fei Fong
Metal Gear Solid,1998,Konami Computer Entertainment Japan,PlayStation / PlayStation 3 / PlayStation Portable,free,Solid Snake
Final Fantasy VII,1997,Square Enix,PC (Microsoft Windows) / PlayStation / Nintendo Switch / PlayStation 4,free,-
Final Fantasy VI,1994,Square Soft,PlayStation / PC (Microsoft Windows) / Super Famicom / Wii,free,Terra/Celes/Kefka
Ridge Racer Type 4,1998,Namco,PlayStation / PlayStation 3 / PlayStation Portable / PlayStation Vita,free,-
Rage Racer,1996,Namco,PlayStation,free,-
Moto Racer 2,1998,Delphine Software,PC (Microsoft Windows) / PlayStation,free,-
Wing Commander,1990,Origin Systems,Sega CD / PC DOS / Amiga / Mac / Game Boy Advance / PlayStation / Amiga CD32 / PC (Microsoft Windows) / Super Nintendo Entertainment System (SNES),free,-
Micro Machines V3,1997,Novalicious,Game Boy Color / PlayStation / PC (Microsoft Windows),free,-
Arc the Lad,1995,G-Craft,PlayStation Vita / PlayStation / PlayStation 3 / PlayStation Portable,free,Kukuru 
Music 2000,1999,Jester Interactive,PlayStation,free,-
TOCA World Touring Cars,2000,Codemasters Southam,PlayStation / Game Boy Advance,free,-
Star Ocean: The Second Story,1998,tri-Ace,PlayStation,free,Rena Lanford/Celine Jules/Dias Flac
Wing Commander IV: The Price of Freedom,1995,Origin Systems,PC DOS / PlayStation 3 / PC (Microsoft Windows) / Mac / PlayStation,free,Christopher Blair
Front Mission,1995,Square,Super Famicom / Nintendo DS / PlayStation / WonderSwan Color,free,-
Mr. Gimmick,1992,Sunsoft,Family Computer / PlayStation,free,-
X-COM: UFO Defense,1994,MicroProse,PC (Microsoft Windows) / Amiga / PlayStation / PC DOS,free,Yumetarou
Intelligent Qube,1997,Sony Computer Entertainment Inc. (SCEI),Legacy Cellphone / PlayStation,free,-
Mr. Driller,1999,Namco,Game Boy Color / Dreamcast / PC (Microsoft Windows) / Arcade / WonderSwan Color / PlayStation,free,-
Legend of Legaia,1998,Contrail,PlayStation,free,-
Sid Meier's Civilization II,1996,MicroProse,PC (Microsoft Windows) / PlayStation / Mac,free,-
Harvest Moon: Back to Nature,1999,Victor Interactive Software,PlayStation / PlayStation 3 / PlayStation Portable / PlayStation Vita,free,-
Final Fantasy IX,2000,Square,PlayStation / PlayStation 3,free,Vivi/Steiner/Amarant
Rogue Trip: Vacation 2012,1998,SingleTrac,PlayStation,free,-
Little Big Adventure,1994,Adeline Software International,PC DOS / PlayStation / iOS / Android / PC (Microsoft Windows) / Mac,free,-
Mega Man 2,1988,Capcom,Nintendo 3DS / PlayStation / Nintendo Entertainment System (NES) / Wii / Wii U / iOS,free,-
Riven: The Sequel to Myst,1997,Cyan Worlds,PlayStation / PC (Microsoft Windows) / Mac,free,-
Tales of Phantasia,1995,Namco,iOS / Super Famicom / PlayStation / Game Boy Advance / PlayStation Portable,free,Cress/Mint/Chester
PaRappa the Rapper,1996,NanaOn-Sha,PlayStation Portable / PlayStation,free,-
Vanguard Bandits,1998,Human Entertainment,PlayStation,free,Faulkner
Chrono Cross,1999,Square,PlayStation 3 / PlayStation,free,-
Bugs Bunny & Taz: Time Busters,2000,Artificial Mind & Movement,PC (Microsoft Windows) / PlayStation,free,-
Final Fantasy Tactics,1997,Square,PlayStation / PlayStation 3,free,Agrias/Ramza/Boco
Mega Man Legends 2,2000,Capcom Production Studio 2,PlayStation Portable / PlayStation / PC (Microsoft Windows),free,-
Tom Clancy's Rainbow Six: Rogue Spear,1999,Red Storm Entertainment,PlayStation / Game Boy Advance / Mac / Dreamcast / PC (Microsoft Windows),free,-
Worms World Party,2001,Paragon 5,N-Gage / Dreamcast / Game Boy Advance / PlayStation / PC (Microsoft Windows),free,-
Tekken 3,1997,Namco,PlayStation / Arcade / PlayStation 2,free,Jin Kazama/Eddy Gordo/King
Silent Hill,1999,Team Silent,PlayStation 3 / PlayStation Portable / PlayStation,free,Pyramid Head/Incubus/Abstract Daddy
Valkyrie Profile,1999,tri-Ace,PlayStation,free,-
Tom and Jerry in House Trap,2000,Warthog Games,PlayStation / Game Boy Color,free,-
Crash Team Racing,1999,Naughty Dog,PlayStation / PlayStation 3,free,-
The Legend of Dragoon,1999,SCE Japan Studio,PlayStation,free,-
Soul Edge,1995,Project Soul,Arcade / PlayStation,free,-
Tales of Destiny,1997,Wolfteam,PlayStation / PlayStation 2,free,Stahn Aileron/Rutee Katrea/Leon Magnus/Philia Felice
Diablo,1996,Blizzard North,PC (Microsoft Windows) / PlayStation / Mac,free,-
International Karate +,1987,System 3 Software,Commodore C64/128 / Amiga / Game Boy Advance / PlayStation / Wii / Amstrad CPC / Amiga CD32 / ZX Spectrum / Atari ST/STE,free,-
Oddworld: Abe's Exoddus,1998,Oddworld Inhabitants,PlayStation 3 / PlayStation Portable / PC (Microsoft Windows) / Game Boy Color / PlayStation / PlayStation Vita,free,-
Brigandine: The Legend of Forsena,1998,Hearty Robin,PlayStation,free,-
Roll Away,1998,Game Design Sweden AB,PlayStation,free,-
Broken Sword II: The Smoking Mirror,1997,Revolution Software,PC (Microsoft Windows) / PlayStation,free,George Stobbart
Crash Bandicoot 2: Cortex Strikes Back,1997,Naughty Dog,PlayStation 3 / PlayStation / PlayStation Portable,free,-
Broken Sword: The Shadow of the Templars,1996,Revolution Software,Mac / Game Boy Advance / PC DOS / PlayStation,free,-
Parasite Eve,1998,Square,PlayStation 3 / PlayStation,free,Aya Brea
Vagrant Story,2000,Squaresoft,PlayStation / PlayStation Portable,free,Ashley Riot
Colin McRae Rally,1998,Codemasters Southam,Game Boy Color / PlayStation / PC (Microsoft Windows),free,-
Lunar 2: Eternal Blue Complete,2001,Studio Alex,PlayStation,free,Hiro/Ruby
Crash Bandicoot: Warped,1998,Naughty Dog,PlayStation / PlayStation Portable / PlayStation 3,free,-
Disruptor,1996,Insomniac Games,PlayStation,free,-
Future Cop: LAPD,1998,EA Redwood Shores,PC (Microsoft Windows) / PlayStation 3 / PlayStation / Mac,free,-
Need for Speed: Porsche Unleashed,2000,EA Canada,PC (Microsoft Windows) / Game Boy Advance / PlayStation,free,-
Magical Drop 3,2000,Data East,Wii / PlayStation,free,-
Gran Turismo,1997,Polyphony Digital,PlayStation,free,-
Mobil 1 Rally Championship,2000,Creative Asylum,PlayStation / PC (Microsoft Windows),free,-
Final Fantasy VIII,1999,Square,PlayStation / PC (Microsoft Windows) / PlayStation 3,free,Squall Leonhart/Rinoa Heartilly/Quistis Trepe
Tenchu 2: Birth of the Stealth Assassins,2000,ACQUIRE Corp.,PlayStation,free,-
Breath of Fire IV,2000,Capcom,PlayStation / PC (Microsoft Windows),free,-
Oddworld: Abe's Oddysee,1997,Oddworld Inhabitants,PlayStation Portable / PC DOS / PC (Microsoft Windows) / PlayStation / PlayStation Vita / PlayStation 3,free,-
Colin McRae Rally 2.0,2000,Codemasters,PlayStation / Game Boy Advance / PC (Microsoft Windows),free,-
Railroad Tycoon II,1998,PopTop Software,PC (Microsoft Windows) / Mac / Linux / PlayStation,free,-
Spyro: Year of the Dragon,2000,Insomniac Games,PlayStation / PlayStation 3 / PlayStation Portable,free,-
Dino Crisis 2,2000,Capcom,PC (Microsoft Windows) / PlayStation,free,-
Tomb Raider II,1997,Core Design,PlayStation 3 / PlayStation Portable / PlayStation Vita / PC (Microsoft Windows) / PlayStation / Mac,free,-
Final Fantasy Origins,2002,Square,PlayStation,free,-
The Last of Us Part II,2020,Naughty Dog,PlayStation 4,free,Ellie
Hades,2020,Supergiant Games,PlayStation 4 / PlayStation 5 / Nintendo Switch / Xbox Series X|S / Xbox One / PC (Microsoft Windows) / Mac,free,Zagreus/Hades/Ares
Half-Life: Alyx,2020,Valve Corporation,SteamVR / Windows Mixed Reality / Oculus Rift,free,-
Ori and the Will of the Wisps,2020,Moon Studios,Nintendo Switch / PC (Microsoft Windows) / Xbox One / Xbox Series X|S,free,-
Demon's Souls,2020,Bluepoint Games,PlayStation 5,free,-
Microsoft Flight Simulator,2020,Asobo Studio,Xbox Series X|S / PC (Microsoft Windows) / Xbox One,free,-
Crusader Kings III,2020,Paradox Development Studio,Xbox Series X|S / PC (Microsoft Windows) / Xbox One / PlayStation 5 / Mac / Linux,free,-
F1 2020,2020,Codemasters,PlayStation 4 / PC (Microsoft Windows) / Xbox One / Google Stadia,free,-
Spelunky 2,2020,BlitWorks,PC (Microsoft Windows) / PlayStation 4 / Nintendo Switch,free,Ana Spelunky/Margaret Tunnel/Colin Northward/Luz Mutton
Animal Crossing: New Horizons,2020,Nintendo,Nintendo Switch,free,Tom Nook
Factorio,2020,Wube Software LTD.,PC (Microsoft Windows)  / Mac / Linux,free,-
Yakuza: Like a Dragon,2020,Ryū Ga Gotoku Studios,Xbox Series X|S / PlayStation 4 / PlayStation 5 / Xbox One / PC (Microsoft Windows),free,Ichiban Kasuga
Xenoblade Chronicles: Definitive Edition,2020,Monolith Soft,Nintendo Switch,free,Shulk
There Is No Game: Wrong Dimension,2020,Draw Me A Pixel,Android / iOS / PC (Microsoft Windows) / Mac / Nintendo Switch,free,-
Dreams,2020,Media Molecule,PlayStation 4,free,-
Tony Hawk's Pro Skater 1 + 2,2020,Vicarious Visions,PlayStation 4 / Nintendo Switch / Xbox Series X|S / Xbox One / PlayStation 5 / PC (Microsoft Windows),free,-
Tetris Effect: Connected,2020,Monstars,Xbox One / Oculus Quest / Oculus Quest 2 / Nintendo Switch / PC (Microsoft Windows) / Xbox Series X|S,free,-
DOOM Eternal,2020,id Software,PlayStation 4 / PC (Microsoft Windows) / Xbox One / PlayStation 5 / Xbox Series X|S / Google Stadia / Nintendo Switch,free,-
Kentucky Route Zero: TV Edition,2020,Cardboard Computer,Xbox One / PlayStation 4 / Nintendo Switch,free,-
Final Fantasy VII Remake,2020,Square Enix,PlayStation 4,free,Cloud Strife/Tifa Lockhart/Barret Wallace/Sefirot
Legends of Runeterra,2020,Riot Games,Android / iOS / PC (Microsoft Windows),free,-
Streets of Rage 4,2020,Lizardcube,PlayStation 4 / Linux / Google Stadia / Nintendo Switch / Xbox One / PC (Microsoft Windows) / Mac,free,Axel Stone/Blaze Fielding/Adam Hunter/Max Thunder/Shiva
Desperados III,2020,Mimimi Productions,PlayStation 4 / PC (Microsoft Windows) / Mac / Linux / Xbox One,free,-
Monster Train,2020,Shiny Shoe,PC (Microsoft Windows) / Xbox One / Xbox Series X|S,free,-
Cyberpunk 2077,2020,CD Projekt RED,Xbox Series X|S / PlayStation 5 / PC (Microsoft Windows) / Google Stadia / PlayStation 4 / Xbox One,free,Judy Alvarez/Jonhy Silverhand
Deep Rock Galactic,2020,Ghost Ship Games,Xbox One / PlayStation 4 / PlayStation 5 / PC (Microsoft Windows),free,-
Wasteland 3,2020,inXile Entertainment,Mac / PlayStation 4 / Xbox One / PC (Microsoft Windows) / Linux,free,-
13 Sentinels: Aegis Rim,2019,Vanillaware,PlayStation 4 / Nintendo Switch,free,Megumi Yakushji/Natsuno Minami/Keitaro Miura
Marvel's Spider-Man: Miles Morales,2020,Insomniac Games,PlayStation 5 / PlayStation 4,free,-
Huntdown,2020,Easy Trigger,PC (Microsoft Windows) / iOS / Mac / Linux / Nintendo Switch / Xbox One / PlayStation 4,free,-
Planet Coaster: Console Edition,2020,Frontier Developments,PlayStation 5 / Xbox One / Xbox Series X|S / PlayStation 4,free,-
Nioh 2,2020,Team Ninja,PlayStation 4,free,-
Pikmin 3 Deluxe,2020,Nintendo,Nintendo Switch,free,-
Football Manager 2021,2020,Sports Interactive,PC (Microsoft Windows) / Mac,free,-
Crash Bandicoot 4: It's About Time,2020,Toys for Bob,PC (Microsoft Windows) / Xbox One / Nintendo Switch / PlayStation 4 / PlayStation 5 / Xbox Series X|S,free,Aku Aku
Assassin's Creed Valhalla,2020,Ubisoft Montreal,PlayStation 5 / Xbox One / PC (Microsoft Windows) / PlayStation 4 / Xbox Series X|S / Google Stadia,free,Eivor
Spiritfarer,2020,Thunder Lotus Games,Mac / Linux / Nintendo Switch / Xbox One / PC (Microsoft Windows) / PlayStation 4 / Google Stadia,free,Stella
Resident Evil 3 (Remake),2020,Capcom,Xbox One / PlayStation 4 / PC (Microsoft Windows),free,Jill Valentine
Genshin Impact,2020,miHoYo,PlayStation 5 / PlayStation 4 / iOS / PC (Microsoft Windows) / Nintendo Switch / Android,free,Amber/Lisa/Kaeya
Ghost of Tsushima,2020,Sucker Punch Productions,PlayStation 4,free,Jin Sakai
Astro's Playroom,2020,SIE Japan Studio,PlayStation 5,free,-
MLB The Show 20,2020,SIE San Diego Studio,PlayStation 4,free,-
Sackboy: A Big Adventure,2020,Sumo Digital,PlayStation 5 / PlayStation 4,free,-
DIRT 5,2020,Codemasters Cheshire,Google Stadia / PC (Microsoft Windows) / PlayStation 5 / Xbox Series X|S / PlayStation 4 / Xbox One,free,-
Observer: System Redux,2020,Bloober Team,PlayStation 5 / PC (Microsoft Windows) / PlayStation 4 / Xbox One / Xbox Series X|S,free,Daniel Lazarski
Mega Man Zero / ZX Legacy Collection,2020,Inti Creates,Xbox One / PlayStation 4 / Nintendo Switch / PC (Microsoft Windows),free,-
Creaks,2020,Amanita Design,Xbox One / Nintendo Switch / PlayStation 4 / PC (Microsoft Windows) / iOS,free,-
World of Warcraft: Shadowlands,2020,Blizzard Entertainment,Mac / PC (Microsoft Windows),free,Sylvanas Windrunner
WRC 9 FIA World Rally Championship,2020,KT Racing,PlayStation 4 / Xbox One / Nintendo Switch / PC (Microsoft Windows) / PlayStation 5 / Xbox Series X|S,free,-
Disc Room,2020,Terri Vellmann,PC (Microsoft Windows) / Nintendo Switch / Mac / Linux,free,-
The Last Campfire,2020,Hello Games,PC (Microsoft Windows) / PlayStation 4 / Xbox One / Nintendo Switch / iOS,free,Ember
Crown Trick,2020,NExT Studios,PC (Microsoft Windows) / Xbox One / PlayStation 4 / Nintendo Switch,free,-
Command & Conquer Remastered Collection,2020,Petroglyph,PC (Microsoft Windows),free,-
Gears Tactics,2020,Splash Damage,PC (Microsoft Windows) / Xbox Series X|S / Xbox One,free,Gabriel Diaz
SnowRunner,2020,Saber Interactive,PC (Microsoft Windows) / Xbox One / Nintendo Switch / PlayStation 4,free,-
SUPERHOT: MIND CONTROL DELETE,2020,SUPERHOT Team,Linux / PlayStation 4 / Xbox One / PC (Microsoft Windows) / Mac / Google Stadia,free,-
One Step From Eden,2020,Thomas Moon Kang,PC (Microsoft Windows) / PlayStation 4 / Mac / Nintendo Switch / Linux,free,Saffron/Reva/Gunner
Bloodstained: Curse of the Moon 2,2020,Inti Creates,PlayStation 4 / PC (Microsoft Windows) / Xbox One / Nintendo Switch,free,Zangetsu/Dominique
Super Mario 3D All-Stars,2020,Nintendo EPD,Nintendo Switch,free,-
Filament,2020,Beard Envy,Nintendo Switch / PC (Microsoft Windows) / Linux,free,-
MotoGP 20,2020,Milestone,PlayStation 4 / Xbox One / Nintendo Switch / PC (Microsoft Windows) / Google Stadia,free,-
Clubhouse Games: 51 Worldwide Classics,2020,NDCube,Nintendo Switch,free,-
Sakuna: Of Rice and Ruin,2020,Edelweiss,PlayStation 4 / Nintendo Switch / PC (Microsoft Windows),free,-
Call of the Sea,2020,Out of the Blue,PlayStation 5 / PlayStation 4 / PC (Microsoft Windows) / Xbox One / Xbox Series X|S,free,Norah Everhart
Paradise Killer,2020,Kaizen Game Works,Nintendo Switch / PC (Microsoft Windows),free,-
Fuser,2020,Harmonix Music Systems,Nintendo Switch / Xbox One / PlayStation 4 / PC (Microsoft Windows),free,-
Tokyo Mirage Sessions #FE Encore,2020,Intelligent Systems Co. Ltd.,Nintendo Switch,free,Itsuki Aoi/Tsubasa Oribe/Touma Akagi
Ghostrunner,2020,Slipgate Ironworks,PC (Microsoft Windows) / Xbox One / Xbox Series X|S / PlayStation 5 / Nintendo Switch / PlayStation 4,free,-
The Pedestrian,2020,Skookum Arts,PlayStation 5 / Nintendo Switch / PlayStation 4 / Xbox One / PC (Microsoft Windows) / Mac / Xbox Series X|S,free,-
Suzerain,2020,Torpor Games,Nintendo Switch / Mac / PC (Microsoft Windows) / Linux,free,-
Bloodroots,2020,Paper Cult,Nintendo Switch / PC (Microsoft Windows) / Xbox One / Xbox Series X|S / PlayStation 4,free,-
Operencia: The Stolen Sun,2020,Zen Studios,PlayStation 4 / Xbox One / PC (Microsoft Windows) / Nintendo Switch / PlayStation VR,free,-
Wunderling,2020,Retroid,PlayStation 4 / Nintendo Switch / PC (Microsoft Windows) / Xbox One,free,-
The Walking Dead: Saints & Sinners,2020,Skydance Interactive,SteamVR / Oculus Quest / Oculus Quest 2 / Windows Mixed Reality / Oculus Rift / PlayStation VR,free,-
Going Under,2020,Aggro Crab Games,PC (Microsoft Windows) / Xbox One / PlayStation 4 / Nintendo Switch,free,Jackie
Visage,2020,SadSquare Studio,PlayStation 4 / PlayStation 5 / Xbox One / PC (Microsoft Windows),free,-
Neon Abyss,2020,Veewo Games,PlayStation 4 / Xbox One / Nintendo Switch / PC (Microsoft Windows),free,Wade/Matt
The Pathless,2020,Giant Squid,PC (Microsoft Windows) / Mac / PlayStation 4 / PlayStation 5 / iOS,free,-
Necrobarista,2020,Route 59,PlayStation 4 / Nintendo Switch / PC (Microsoft Windows) / iOS,free,-
Immortals Fenyx Rising,2020,Ubisoft Québec,Xbox One / PlayStation 4 / PlayStation 5 / PC (Microsoft Windows) / Nintendo Switch / Xbox Series X|S / Google Stadia,free,-
Get Packed,2020,Moonshine Studios,Xbox One / Google Stadia,free,-
PHOGS!,2020,Bit Loom Games,PC (Microsoft Windows) / Nintendo Switch / PlayStation 4 / Google Stadia / Xbox One,free,-
Fall Guys: Ultimate Knockout,2020,Mediatonic,PC (Microsoft Windows) / Xbox Series X|S / Xbox One / Nintendo Switch / PlayStation 4,free,-
Amnesia: Rebirth,2020,Frictional Games,PC (Microsoft Windows) / PlayStation 4,free,-
NBA 2K21,2020,Visual Concepts,Nintendo Switch / PlayStation 5 / PlayStation 4 / PC (Microsoft Windows) / Xbox One / Google Stadia / Xbox Series X|S,free,-
ScourgeBringer,2020,Flying Oak Games,Nintendo Switch / Linux / PC (Microsoft Windows) / Mac / Xbox One / PlayStation 4 / PlayStation Vita,free,Kyhra
Valorant,2020,Riot Games,PC (Microsoft Windows),free,Astra/Breach/Raze/Brimstone
Pumpkin Jack,2020,Nicolas Meyssonnier,PlayStation 5 / Xbox Series X|S / PlayStation 4 / PC (Microsoft Windows) / Nintendo Switch / Xbox One,free,-
Paper Mario: The Origami King,2020,Intelligent Systems,Nintendo Switch,free,-
Star Wars: Squadrons,2020,Motive Studios,SteamVR / Oculus Rift / Windows Mixed Reality / Xbox One / PC (Microsoft Windows) / PlayStation 4 / PlayStation VR,free,-
Carto,2020,Sunhead Games,PC (Microsoft Windows) / Mac / Nintendo Switch / Xbox One / PlayStation 4,free,-
Bugsnax,2020,Young Horses,PC (Microsoft Windows) / Mac / Nintendo Switch / Xbox One / PlayStation 4,free,-
The Longing,2020,Studio Seufz,PC (Microsoft Windows) / Mac / Nintendo Switch,free,-
Mafia: Definitive Edition,2020,Hangar 13,PC (Microsoft Windows) / Xbox One / PlayStation 4,free,-
I Am Dead,2020,Hollow Ponds,Nintendo Switch / PlayStation 4 / PlayStation 5 / Xbox One / Xbox Series X|S / PC (Microsoft Windows) / Mac,free,-
Paper Beast,2020,Pixel Reef,SteamVR / PlayStation VR,free,-
Persona 5 Royal,2019,Atlus,PlayStation 4,free,Yusuke/Joker/Ann/Morgana
Pathologic 2,2019,Ice-Pick Lodge,Xbox One / PlayStation 4 / PC (Microsoft Windows),free,-
Monster Hunter: World - Iceborne,2019,Capcom,Xbox One / PlayStation 4 / PC (Microsoft Windows),free, 
SEGA AGES VIRTUA RACING,2019,M2,Nintendo Switch,free,-
Sekiro: Shadows Die Twice,2019,FromSoftware,Google Stadia / Xbox One / PC (Microsoft Windows) / PlayStation 4,free,Isshin/Genichiro
Outer Wilds,2019,Mobius Digital,PC (Microsoft Windows) / Nintendo Switch / Xbox One / PlayStation 4,free,-
Anno 1800,2019,Ubisoft Blue Byte,PC (Microsoft Windows),free,-
Final Fantasy XIV: Shadowbringers,2019,Square Enix,PlayStation 4 / PC (Microsoft Windows),free,-
Age of Empires II: Definitive Edition,2019,Wicked Witch Software,PC (Microsoft Windows),free,-
NieR: Automata - Game of the YoRHa Edition,2019,Platinum Games,PC (Microsoft Windows) / PlayStation 4,free,2B
Death Stranding,2019,Kojima Productions,PlayStation 4 / PC (Microsoft Windows),free,Sam Bridges
Fire Emblem: Three Houses,2019,Intelligent Systems,Nintendo Switch,free,Dimitri/Edelgard/Byleth
Druidstone: The Secret of the Menhir Forest,2019,Ctrl Alt Ninja,PC (Microsoft Windows),free,-
Gunlord X,2019,WANZUNGDEV,Nintendo Switch / PlayStation 4,free,-
Slay the Spire,2019,Mega Crit Games,Android / PlayStation 4 / Nintendo Switch / PC (Microsoft Windows) / Mac / Linux / Xbox One / iOS,free,The Ironclad
Mini Motorways,2019,Dinosaur Polo Club,PC (Microsoft Windows) / Mac / iOS,free,-
AMID EVIL,2019,Indefatigable,PC (Microsoft Windows),free,-
Disgaea 4 Complete+,2019,Nippon Ichi Software Inc.,Nintendo Switch / PC (Microsoft Windows) / PlayStation 4,free,Valvatorez/Fuka/Vulcanus
Guilty Gear 20th Anniversary Edition,2019,Arc System Works,Nintendo Switch,free,-
Crash Team Racing Nitro-Fueled,2019,Beenox,Xbox One / Nintendo Switch / PlayStation 4,free,-
The Jackbox Party Pack 6,2019,Jackbox Games Inc.,Mac / Nintendo Switch / PC (Microsoft Windows) / Xbox One / PlayStation 4 / Linux / Amazon Fire TV / Android,free,-
F1 2019,2019,Codemasters,Xbox One / PC (Microsoft Windows) / PlayStation 4,free,-
Blood: Fresh Supply,2019,Nightdive Studios,PC (Microsoft Windows),free,-
Arise: A Simple Story,2019,Piccolo Studio,PlayStation 4 / Xbox One / PC (Microsoft Windows),free,-
AI: The Somnium Files,2019,Spike ChunSoft,Nintendo Switch / PlayStation 4 / Xbox One / PC (Microsoft Windows),free,-
Outward,2019,Maximum Games,PlayStation 4 / Xbox One / PC (Microsoft Windows) / Google Stadia,free,-
Kind Words,2019,Popcannibal,PC (Microsoft Windows) / Mac / Linux,free,-
Ni no Kuni: Wrath of the White Witch Remastered,2019,Level-5,PC (Microsoft Windows) / PlayStation 4,free,Allie/Esther/Oliver
Pilgrims,2019,Amanita Design,PC (Microsoft Windows) / Mac / iOS / Linux,free,-
Sunless Skies,2019,Failbetter Games,PlayStation 4 / Nintendo Switch / Xbox One / PC (Microsoft Windows) / Mac,free,-
MediEvil,2019,Other Ocean Interactive,PlayStation 4,free,Daniel Fortesque
Bloodstained: Ritual of the Night,2019,ArtPlay,Xbox One / Google Stadia / PlayStation 4 / PC (Microsoft Windows) / Nintendo Switch / iOS,free,-
Beat Saber,2018,Hyperbolic Magnetism,PlayStation VR / SteamVR / Oculus Rift / Oculus Quest / Windows Mixed Reality / Oculus Quest 2,free,-
DEVOTION,2019,Red Candle Games,PC (Microsoft Windows) / Mac,free,-
Mario & Sonic at the Olympic Games Tokyo 2020,2019,Sega,Nintendo Switch,free,-
Devil May Cry 5,2019,Capcom,PlayStation 4 / PC (Microsoft Windows) / Xbox One,free,V
Lost Ember,2019,Mooneye Studios,PlayStation 4 / Nintendo Switch / Xbox One / PC (Microsoft Windows),free,-
Shovel Knight: King of Cards,2019,Yacht Club Games,Nintendo 3DS / PC (Microsoft Windows) / PlayStation Vita / Xbox One / PlayStation 3 / Wii U / PlayStation 4 / Linux / Mac / Nintendo Switch / Amazon Fire TV,free,-
Mortal Kombat 11,2019,NetherRealm Studios,PlayStation 4 / Nintendo Switch / PC (Microsoft Windows) / Xbox One / Google Stadia / PlayStation 5 / Xbox Series X|S,free,-
Sid Meier's Civilization VI: Gathering Storm,2019,Firaxis Games,PC (Microsoft Windows) / Mac / Linux,free,-
The Legend of Zelda: Link's Awakening (Remake),2019,GREZZO Co.Ltd.,Nintendo Switch,free,-
Control,2019,Remedy Entertainment,PlayStation 4 / Xbox One / PC (Microsoft Windows) / Google Stadia / PlayStation 5,free,Jesse Faden
Hypnospace Outlaw,2019,ThatWhichIs Media,Mac / Xbox One / Linux / Nintendo Switch / PlayStation 4 / PC (Microsoft Windows),free,-
198X,2019,Hi-Bit Studios,PlayStation 4 / PC (Microsoft Windows) / Xbox One / Nintendo Switch,free,-
Metro Exodus,2019,4A Games,Xbox One / PC (Microsoft Windows) / Xbox Series X|S / PlayStation 5 / PlayStation 4 / Google Stadia,free,Artyom 
Superliminal,2019,Pillow Castle,PC (Microsoft Windows) / Nintendo Switch / PlayStation 4 / Xbox One / Linux / Mac,free,-
A Plague Tale: Innocence,2019,Asobo Studio,PlayStation 4 / Xbox Series X|S / PlayStation 5 / Xbox One / PC (Microsoft Windows),free,Amicia
Luigi's Mansion 3,2019,Next Level Games,Nintendo Switch,free,-
Cytus Alpha,2019,Rayark Inc.,Nintendo Switch,free,-
PICROSS LORD OF THE NAZARICK,2019,Jupiter Corporation,Nintendo Switch,free,-
Puzzle Quest: The Legend Returns,2019,Infinite Interactive,Nintendo Switch,free,-
Risk of Rain 2,2019,Hopoo Games,PC (Microsoft Windows) / Google Stadia / Xbox One / Nintendo Switch / PlayStation 4,free,-
Creature in the Well,2019,Flight School Studio,PlayStation 4 / Nintendo Switch / PC (Microsoft Windows) / Xbox One,free,-
Ace Combat 7: Skies Unknown,2019,Project Aces,PlayStation 4 / PC (Microsoft Windows) / Xbox One,free,-
Divinity: Original Sin II - Definitive Edition,2018,Larian Studios,Xbox One / PC (Microsoft Windows) / Mac / PlayStation 4 / Nintendo Switch,free,Lohse/Fane/Sebille/Beast
Apex Legends,2019,Respawn Entertainment,Xbox One / PC (Microsoft Windows) / Mac / PlayStation 4 / Nintendo Switch,free,-
Resident Evil 2 (Remake),2019,Capcom,PC (Microsoft Windows) / PlayStation 4 / Xbox One / Nintendo Switch,free,-
Gears 5,2019,The Coalition,PC (Microsoft Windows) / Xbox One / Xbox Series X|S,free,Kait Diaz
Tom Clancy's The Division 2,2019,Massive Entertainment - A Ubisoft Studio,Google Stadia / PlayStation 4 / Xbox One / PC (Microsoft Windows),free,-
Super Mario Maker 2,2019,Nintendo,Nintendo Switch,free,-
Star Wars Jedi: Fallen Order,2019,Respawn Entertainment,PlayStation 4 / Xbox One / Xbox Series X|S / PC (Microsoft Windows) / PlayStation 5 / Google Stadia,free,Cal Kestis
Baba is You,2019,hempuli,Android / iOS / Mac / Linux / Nintendo Switch / PC (Microsoft Windows),free,-
Kingdom Hearts III,2019,Square Enix,Xbox One / PlayStation 4 / PC (Microsoft Windows),free,Sora/Riku/Kairi
Astral Chain,2019,Platinum Games,Nintendo Switch,free,Akira Howard
TETRIS 99,2019,Alper Sarıkaya,Nintendo Switch,free,-
Borderlands 3,2019,Gearbox Software,PlayStation 4 / PlayStation 5 / Xbox One / PC (Microsoft Windows) / Google Stadia / Xbox Series X|S,free,Amara
Telling Lies,2019,Sam Barlow,Xbox One / Nintendo Switch / PC (Microsoft Windows) / Mac / PlayStation 4,free,-
Sayonara Wild Hearts,2019,Simogo,Xbox One / PC (Microsoft Windows) / Mac / PlayStation 4 / Nintendo Switch / iOS,free,-
Untitled Goose Game,2019,House House,Nintendo Switch / PlayStation 4 / Xbox One / PC (Microsoft Windows) / Mac,free,-
Pokémon Sword and Shield,2019,Game Freak,Nintendo Switch,free,Magnolia
Total War: Three Kingdoms,2019,The Creative Assembly,PC (Microsoft Windows) / Mac / Linux,free,-
Cadence of Hyrule,2019,Brace Yourself Games,Nintendo Switch,free,-
Remnant: From the Ashes,2019,Gunfire Games,PlayStation 5 / PlayStation 4 / PC (Microsoft Windows) / Xbox One,free,-
Manifold Garden,2019,William Chyr Studio,Mac / Xbox One / PlayStation 5 / Nintendo Switch / PlayStation 4 / iOS / PC (Microsoft Windows) / Xbox Series X|S,free,-
Katana ZERO,2019,Askiisoft,Mac / Xbox One / Nintendo Switch / PC (Microsoft Windows),free,-
The Dark Pictures Anthology: Man of Medan,2019,Supermassive Games,Xbox One / PlayStation 4 / PC (Microsoft Windows),free,Conrad/Alex Smith
Persona Q2: New Cinema Labyrinth,2018,Atlus,Nintendo 3DS,free,Yukari Kateba/Jumpei Iori
Candleman: The Complete Journey,2018,Spotlightor Interactive,PC (Microsoft Windows),free,-
Rolling Gunner,2018,Project Rolling Gunner,PC (Microsoft Windows) / Nintendo Switch,free,-
CrossCode,2018,Radical Fish Games,PlayStation 4 / PC (Microsoft Windows) / PlayStation 5 / Linux / Mac / Nintendo Switch / Xbox One,free,Lea
Mark of the Ninja Remastered,2018,Klei Entertainment,PC (Microsoft Windows) / Nintendo Switch / Linux / Mac / PlayStation 4 / Xbox One,free,-
Sonic Mania Plus,2018,Headcannon,Xbox One / PlayStation 4 / Nintendo Switch,free,Tails/Knuckles
God of War,2018,Santa Monica Studio,PlayStation 4,free,Kratos/Atreus
ASTRO BOT: Rescue Mission,2018,Japan Studio,PlayStation VR,free,-
Light Fall,2018,Bishop Games,Nintendo Switch / PC (Microsoft Windows) / Mac,free,-
Red Dead Redemption 2,2018,Rockstar Games,PC (Microsoft Windows) / PlayStation 4 / Xbox One / Google Stadia,free,Arthur Morgan/Dutch/Micah
Football Manager 2019,2018,Sports Interactive,Nintendo Switch / Mac / PC (Microsoft Windows),free,-
Mario + Rabbids Kingdom Battle: Donkey Kong Adventure,2018,Ubisoft Milan,Nintendo Switch,free,-
Lethal League Blaze,2018,Team Reptile,Xbox One / Linux / PlayStation 4 / PC (Microsoft Windows) / Mac / Nintendo Switch,free,-
The Banner Saga 3,2018,Stoic,Nintendo Switch / Mac / Android / PlayStation 4 / iOS / Xbox One / PC (Microsoft Windows),free,Rook
Splatoon 2: Octo Expansion,2018,Nintendo,Nintendo Switch,free,-
Detective Pikachu,2018,Creatures Inc.,Nintendo 3DS,free,Tim Goodman
Wandersong,2018,Greg Lobanov,Nintendo Switch / Mac / Xbox One / PC (Microsoft Windows) / PlayStation 4,free,-
Monster Boy and the Cursed Kingdom,2018,Game Atelier,PlayStation 4 / Nintendo Switch / Xbox One / PC (Microsoft Windows) / Google Stadia,free,Jin
Mega Man X Legacy Collection,2018,Capcom,PlayStation 4 / PC (Microsoft Windows) / Nintendo Switch / Xbox One,free,-
Marvel's Spider-Man,2018,Insomniac Games,PlayStation 4,free,Wilson Fisk
Celeste,2018,Extremely OK Games,Google Stadia / Mac / PC (Microsoft Windows) / PlayStation 4 / Xbox One / Linux / Nintendo Switch,free,Madeline
Tetris Effect,2018,Monstars Inc.,Oculus Rift / Oculus Quest / PlayStation 4 / PlayStation VR / PC (Microsoft Windows) / SteamVR,free,-
Thronebreaker: The Witcher Tales,2018,CD Projekt RED,Xbox One / PC (Microsoft Windows) / iOS / PlayStation 4 / Nintendo Switch,free,-
Spyro Reignited Trilogy,2018,Toys for Bob,Nintendo Switch / PlayStation 4 / Xbox One / PC (Microsoft Windows),free,-
Dark Souls: Remastered,2018,FromSoftware,PlayStation 4 / Xbox One / PC (Microsoft Windows) / Nintendo Switch,free,Solaire
Kingdom Two Crowns,2018,Noio,PC (Microsoft Windows) / PlayStation 4 / Nintendo Switch / Xbox One / iOS / Mac,free,-
Frostpunk,2018,11 bit studios,PlayStation 4 / Xbox One / Mac / PC (Microsoft Windows),free,-
Monster Hunter: World,2018,Capcom,Xbox One / PC (Microsoft Windows) / PlayStation 4,free,-
Dragon Ball FighterZ,2018,Arc System Works,PC (Microsoft Windows) / Xbox One / PlayStation 4 / Nintendo Switch,free,-
Deltarune: Chapter 1,2018,8-4,Mac / Nintendo Switch / PlayStation 4 / PC (Microsoft Windows),free,Kris
Judgment,2018,Ryū Ga Gotoku Studios,PlayStation 4 / Xbox Series X|S / PlayStation 5 / Google Stadia,free,Takayuki Yagami
Dead Cells,2018,Motion Twin,Android / Linux / Nintendo Switch / iOS / PC (Microsoft Windows) / Mac / PlayStation 4 / Xbox One,free,-
Assassin's Creed: Odyssey,2018,Ubisoft Québec,PlayStation 4 / Xbox One / PlayStation 5 / Google Stadia / PC (Microsoft Windows),free,Alexios/Kassandra
Pillars of Eternity II: Deadfire,2018,Obsidian Entertainment,PlayStation 4 / Xbox One / Linux / Mac / PC (Microsoft Windows) / Nintendo Switch,free,-
Detroit: Become Human,2018,Quantic Dream,PC (Microsoft Windows) / PlayStation 4,free,Connor
HITMAN 2,2018,IO Interactive,PlayStation 4 / PC (Microsoft Windows) / Xbox One / Google Stadia,free,-
SoulCalibur VI,2018,Project Soul,PC (Microsoft Windows) / Xbox One / PlayStation 4,free,-
Overcooked! 2,2018,Ghost Town Games,PC (Microsoft Windows) / Mac / Linux / PlayStation 4 / Nintendo Switch / Xbox One,free,-
GRIS,2018,Nomada Studio,PC (Microsoft Windows) / Nintendo Switch / PlayStation 4 / Android / Mac / iOS,free,-
The Messenger,2018,Sabotage,Xbox One / Nintendo Switch / PC (Microsoft Windows) / PlayStation 4,free,-
Guacamelee! 2,2018,Drinkbox Studios,PC (Microsoft Windows) / PlayStation 4 / Xbox One / Nintendo Switch,free,-
Valkyria Chronicles 4,2018,Sega,PlayStation 4 / Nintendo Switch / Xbox One,free,Claude Wallace/Riley Miller
Pathfinder: Kingmaker,2018,Owlcat Games,Xbox One / Mac / PlayStation 4 / PC (Microsoft Windows) / Linux,free,-
Forza Horizon 4,2018,Forza Horizon 4,Xbox Series X|S / PC (Microsoft Windows) / Xbox One,free,-
Octopath Traveler,2018,Square Enix,Xbox One / Nintendo Switch / PC (Microsoft Windows) / Google Stadia,free,Ophilia/Cyrus/Tressa/Alfyn
Unravel Two,2018,ColdWood Interactive,PC (Microsoft Windows) / Nintendo Switch / Xbox One / PlayStation 4,free,-
NHL 19,2018,EA Canada,PlayStation 4 / Xbox One,free,-
The Walking Dead: The Final Season,2018,Telltale Games,Nintendo Switch / PlayStation 4 / Xbox One / PC (Microsoft Windows),free,-
A Way Out,2018,Hazelight Studios,Xbox One / PC (Microsoft Windows) / PlayStation 4,free,Leo/Vincent
RimWorld,2018,Ludeon Studios,PC (Microsoft Windows) / Mac / Linux,free,-
Into the Breach,2018,Subset Games,Linux / Nintendo Switch / PC (Microsoft Windows) / Mac / Google Stadia,free,-
Florence,2018,Mountains,Nintendo Switch / iOS / Mac / Android / PC (Microsoft Windows),free,-
Steins;Gate Elite,2018,MAGES.,Nintendo Switch / PlayStation Vita / PlayStation 4 / iOS / PC (Microsoft Windows),free,Rintaro Okabe
Final Fantasy XV: Pocket Edition,2018,Square Enix,iOS / Android / PC (Microsoft Windows) / Xbox One / Nintendo Switch / PlayStation 4,free,-